{
  "project_info": {
    "project_number": "541882254821",
    "firebase_url": "https://inkubis-89d0e.firebaseio.com",
    "project_id": "inkubis-89d0e",
    "storage_bucket": "inkubis-89d0e.appspot.com"
  },
  "client": [
    {
      "client_info": {
        "mobilesdk_app_id": "1:541882254821:android:235d4aec7369ad1d295b0c",
        "android_client_info": {
          "package_name": "com.sigerdev.inkubis"
        }
      },
      "oauth_client": [
        {
          "client_id": "541882254821-g133svsg98djfdatn8dg3fbp27qj9rvt.apps.googleusercontent.com",
          "client_type": 1,
          "android_info": {
            "package_name": "com.sigerdev.inkubis",
            "certificate_hash": "378f3fd759097be58f578aa3496c5de6fd555a61"
          }
        },
        {
          "client_id": "541882254821-tgbbh6fp6nrha1bqqata8t1kbsacts0v.apps.googleusercontent.com",
          "client_type": 3
        }
      ],
      "api_key": [
        {
          "current_key": "AIzaSyC8OVXIdfe_KAEpX-eurqzh-J7ooFYock8"
        }
      ],
      "services": {
        "appinvite_service": {
          "other_platform_oauth_client": [
            {
              "client_id": "541882254821-tgbbh6fp6nrha1bqqata8t1kbsacts0v.apps.googleusercontent.com",
              "client_type": 3
            }
          ]
        }
      }
    }
  ],
  "configuration_version": "1"
}